<?xml version="1.0" encoding="UTF-8"?>
<project-private xmlns="http://www.netbeans.org/ns/project-private/1">
    <editor-bookmarks xmlns="http://www.netbeans.org/ns/editor-bookmarks/2" lastBookmarkId="1">
        <file>
            <url>lib/bad_consequence.rb</url>
            <bookmark id="1">
                <name/>
                <line>38</line>
                <key/>
            </bookmark>
        </file>
    </editor-bookmarks>
    <open-files xmlns="http://www.netbeans.org/ns/projectui-open-files/2">
        <group>
            <file>file:/Users/Redondo/Desktop/Ingeniería%20Informática/2º%20GII/PDOO%20-%20Programación%20y%20Diseño%20Orientado%20a%20Objetos/Prácticas/Napakalaki/NapakalakiRuby/lib/treasure.rb</file>
            <file>file:/Users/Redondo/Desktop/Ingeniería%20Informática/2º%20GII/PDOO%20-%20Programación%20y%20Diseño%20Orientado%20a%20Objetos/Prácticas/Napakalaki/NapakalakiRuby/lib/combat_result.rb</file>
            <file>file:/Users/Redondo/Desktop/Ingeniería%20Informática/2º%20GII/PDOO%20-%20Programación%20y%20Diseño%20Orientado%20a%20Objetos/Prácticas/Napakalaki/NapakalakiRuby/lib/card_dealer.rb</file>
            <file>file:/Users/Redondo/Desktop/Ingeniería%20Informática/2º%20GII/PDOO%20-%20Programación%20y%20Diseño%20Orientado%20a%20Objetos/Prácticas/Napakalaki/NapakalakiRuby/lib/dice.rb</file>
            <file>file:/Users/Redondo/Desktop/Ingeniería%20Informática/2º%20GII/PDOO%20-%20Programación%20y%20Diseño%20Orientado%20a%20Objetos/Prácticas/Napakalaki/NapakalakiRuby/lib/Command.rb</file>
            <file>file:/Users/Redondo/Desktop/Ingeniería%20Informática/2º%20GII/PDOO%20-%20Programación%20y%20Diseño%20Orientado%20a%20Objetos/Prácticas/Napakalaki/NapakalakiRuby/lib/pruebaNapakalaki.rb</file>
            <file>file:/Users/Redondo/Desktop/Ingeniería%20Informática/2º%20GII/PDOO%20-%20Programación%20y%20Diseño%20Orientado%20a%20Objetos/Prácticas/Napakalaki/NapakalakiRuby/lib/EjemploMain.rb</file>
            <file>file:/Users/Redondo/Desktop/Ingeniería%20Informática/2º%20GII/PDOO%20-%20Programación%20y%20Diseño%20Orientado%20a%20Objetos/Prácticas/Napakalaki/NapakalakiRuby/lib/monster.rb</file>
            <file>file:/Users/Redondo/Desktop/Ingeniería%20Informática/2º%20GII/PDOO%20-%20Programación%20y%20Diseño%20Orientado%20a%20Objetos/Prácticas/Napakalaki/NapakalakiRuby/lib/GameTester.rb</file>
            <file>file:/Users/Redondo/Desktop/Ingeniería%20Informática/2º%20GII/PDOO%20-%20Programación%20y%20Diseño%20Orientado%20a%20Objetos/Prácticas/Napakalaki/NapakalakiRuby/lib/napakalaki.rb</file>
            <file>file:/Users/Redondo/Desktop/Ingeniería%20Informática/2º%20GII/PDOO%20-%20Programación%20y%20Diseño%20Orientado%20a%20Objetos/Prácticas/Napakalaki/NapakalakiRuby/lib/prize.rb</file>
            <file>file:/Users/Redondo/Desktop/Ingeniería%20Informática/2º%20GII/PDOO%20-%20Programación%20y%20Diseño%20Orientado%20a%20Objetos/Prácticas/Napakalaki/NapakalakiRuby/lib/treasure_kind.rb</file>
            <file>file:/Users/Redondo/Desktop/Ingeniería%20Informática/2º%20GII/PDOO%20-%20Programación%20y%20Diseño%20Orientado%20a%20Objetos/Prácticas/Napakalaki/NapakalakiRuby/lib/bad_consequence.rb</file>
            <file>file:/Users/Redondo/Desktop/Ingeniería%20Informática/2º%20GII/PDOO%20-%20Programación%20y%20Diseño%20Orientado%20a%20Objetos/Prácticas/Napakalaki/NapakalakiRuby/lib/player.rb</file>
        </group>
    </open-files>
</project-private>
